Starmaster	person	9dims	file
Locust	person	9dims	file
Nostradameus	person	9dims	file
Rockefeller	person	a-z-cons	file
Clinton	person	a-z-cons	file
Reagan	person	a-z-cons	file
MARCONI	person	a-z-cons	file
Marconi	person	a-z-cons	file
Maxwell	person	a-z-cons	file
Zapruder	person	cncka003	file
Tesla	person	consp	file
Reagan	person	consp	file
Beethoven	person	consp	file
McCarthy	person	consp	file
Owen	person	contra	file
Reagan	person	contrcia	file
Owen	person	contrcia	file
Clines	person	contrcia	file
Beethoven	person	control	file
Clinton	person	corpdem	file
Owen	person	crybaby	file
McGovern	person	dallas	file
Zapruder	person	dallas	file
McDonald	person	dallas	file
Reynolds	person	deaths	file
McDonald	person	deaths	file
Zapruder	person	deaths	file
Maxwell	person	dpalma5	file
Clinton	person	drug-cia	file
Reagan	person	drugrunr	file
Beach	person	evol-110	file
Reynolds	person	exec_ord	file
Gramm	person	exec_ord	file
Reagan	person	exec_ord	file
Reynolds	person	executiv	file
Gramm	person	executiv	file
Reagan	person	executiv	file
Reynolds	person	fema-1	file
Gramm	person	fema-2	file
Reagan	person	fema-2	file
Northern	person	fema-2	file
Reagan	person	fema-3	file
Reynolds	person	fema-3	file
Northshore	person	foia	file
Johnston	person	forg0int	file
Constantine	person	forg0int	file
Constantine	person	forg1	file
Northern	person	forg1	file
Vespasian	person	forg2	file
Grammarians	person	forg3	file
Vespasian	person	forg3	file
Constantine	person	forg4	file
Constantine	person	forg6	file
Grammar	person	forg6	file
Northern	person	forg7	file
Constantine	person	forg7	file
Reagan	person	germ	file
Reagan	person	global	file
Reagan	person	goldtrig	file
Rockefeller	person	goldtrig	file
AFFIDAVIT	person	goldtrig	file
Clines	person	goldtrig	file
REBELLION	person	goldtrig	file
DeConcini	person	goldtrig	file
McDonald	person	goldtrig	file
McCarthy	person	govt-imp	file
Tesla	person	gravity	file
Northwest	person	gun-ctrl	file
Reagan	person	gvtscrcy	file
Reagan	person	handbank	file
Beach	person	handbank	file
McDonald	person	handbank	file
Clines	person	handbank	file
McCarthy	person	hoover	file
Reagan	person	hoover	file
Zapruder	person	hoover	file
Diamond	person	hr-3515	file
Northeast	person	if_entap	file
Grammar	person	if_felcr	file
Diamond	person	illumhis	file
Rockefeller	person	illumhis	file
Tesla	person	illumhis	file
Marconi	person	illumhis	file
McCarthy	person	illumhis	file
Clinton	person	illumhis	file
Reynolds	person	illumhis	file
Beach	person	illumhis	file
Reagan	person	illumhis	file
Rockefeller	person	illumin	file
McDonald	person	illumin	file
Reynolds	person	illumin	file
Reagan	person	illumin	file
Rockefeller	person	incon001	file
MARCONI	person	incon001	file
McCarthy	person	incon001	file
Owen	person	incon001	file
Dodd	person	incon001	file
Beach	person	incon002	file
Rockefeller	person	incon002	file
Rockefeller	person	incon003	file
Rockefeller	person	incon007	file
Rockefeller	person	incon008	file
Owen	person	incon008	file
Rockefeller	person	incon013	file
Reagan	person	ins-rich	file
Reagan	person	inslaw	file
Dodd	person	inslaw	file
Reagan	person	inslaw2	file
Northern	person	inslaw2	file
Reagan	person	inslaw3	file
Reagan	person	inslaw4	file
Beach	person	inthenam	file
REBELS	person	inthenam	file
Tesla	person	intro	file
Beethoven	person	ironmoun	file
Reagan	person	issue-15	file
Reagan	person	issue-19	file
Beach	person	issue-19	file
Beach	person	issue-21	file
Beach	person	issue-26	file
Vespasian	person	issue-26	file
Reagan	person	italy	file
Zapruder	person	jfk-0002	file
Dodd	person	jfk-echo	file
Clinton	person	jfk-echo	file
Grammer	person	jfk-echo	file
MLK	person	jfk-echo	file
RFK	person	jfk-echo	file
Zapruder	person	jfk-echo	file
Reynolds	person	jfk-echo	file
McDonald	person	jfk-echo	file
Reagan	person	jfk-echo	file
McCarthy	person	jfk-echo	file
Owens	person	jfk-echo	file
McCone	person	jfk-echo	file
Zapruder	person	jfkmessages	file
Dodd	person	jfkmessages	file
Maxwell	person	jfkmessages	file
Rockefeller	person	jfkmessages	file
RFK	person	jfkques	file
MLK	person	jfkques	file
Reagan	person	jfkques	file
Clinton	person	kisdeath	file
Reynolds	person	kisdeath	file
Zapruder	person	knoll	file
Northwest	person	kurt	file
Northwest	person	kurtresp	file
Reaganbush	person	kurtresp	file
LaRouche	person	larouche	file
Reagan	person	larouche	file
Clinton	person	laws7	file
Beach	person	lbtygate	file
Northwest	person	libxtrem	file
Rockefeller	person	marcheti	file
Reynolds	person	mars	file
Dodd	person	mccabe01	file
Dodd	person	mccabe02	file
Constantine	person	mccabe03	file
Dodd	person	mccabe03	file
McGovern	person	mccabe04	file
Dodd	person	mccabe07	file
Orsenigo	person	mccabe08	file
Harriman	person	mccabe09	file
Reynolds	person	mccabe10	file
Marconi	person	mccabe11	file
Marconi	person	mccabe12	file
Martindale	person	mccabe13	file
Owen	person	mccabe13	file
Owen	person	mccabe14	file
Vespasian	person	mccabe14	file
Northern	person	mccabe16	file
Beethoven	person	mccabe16	file
Constantine	person	mccabe18	file
Beethoven	person	mccabe18	file
Marconi	person	mccabe19	file
Northern	person	mccabe19	file
Tesla	person	mism16	file
Tesla	person	mism18	file
Reagan	person	moynihan	file
Rockefeller	person	moynihan	file
MacPherson	person	news	file
Callen	person	news	file
Reagan	person	no_reps	file
Dodd	person	no_reps	file
Northern	person	notreasn	file
Reagan	person	ntlguard	file
Rockefeller	person	opal	file
McDonald	person	opal	file
Reynolds	person	opal	file
Reagan	person	ourmess	file
Gramm	person	ourmess	file
Diamond	person	outline1	file
Rockefeller	person	outline1	file
Tesla	person	outline1	file
Marconi	person	outline1	file
CASTRO	person	panamatv	file
Reagan	person	panamatv	file
Maxwell	person	panamatv	file
Beach	person	pcensor	file
Reagan	person	pcensor	file
Clinton	person	pcensor	file
Clinton	person	peril	file
Reagan	person	peril	file
Rockefeller	person	peril	file
EBE	person	pgen	file
Northern	person	post22	file
RFK	person	rfk1	file
LaRouche	person	right-lf	file
Reagan	person	right-lf	file
Reynolds	person	right-lf	file
Owen	person	right-lf	file
Diamond	person	right-lf	file
Rockefeller	person	right-lf	file
Beach	person	right-lf	file
McGovern	person	right-lf	file
Burch	person	right-lf	file
McDonalds	person	right-lf	file
Rockefeller	person	rockfell	file
RFK	person	rockfell	file
MLK	person	rockfell	file
CASTRO	person	rockfell	file
RICONOSCIUTO	person	rockfell	file
AFFIDAVIT	person	rockfell	file
Rockefellers	person	sc003	file
Clinton	person	sc003	file
Reagan	person	sc004	file
Clinton	person	sc005	file
Clinton	person	sc006	file
Rockefeller	person	sc006	file
Clinton	person	sc007	file
Reagan	person	sc007	file
Clinton	person	sc008	file
Clinton	person	sc009	file
Clinton	person	sc010	file
Clinton	person	sc011	file
Clinton	person	sc012	file
Vyrdolak	person	sc013	file
Clinton	person	sc014	file
Clinton	person	sc015	file
Clinton	person	sc016	file
Rockefeller	person	sc016	file
Clinton	person	sc017	file
Reynolds	person	sc018	file
Northlake	person	sc019	file
Clinton	person	sc020	file
Rockefellers	person	sc021	file
Clinton	person	sc023	file
Reagan	person	sc023	file
Rockefeller	person	scientol	file
Owens	person	scientol	file
Reagan	person	scrtgovt	file
Reagan	person	secret	file
Northern	person	secret	file
Rockefeller	person	secret	file
Reagan	person	secretw	file
Northern	person	secretw	file
Rockefeller	person	secretw	file
Tesla	person	sem1	file
Maxwell	person	sem3	file
Tesla	person	sem5	file
Tesla	person	sem6	file
Tesla	person	sem7	file
Clinton	person	senators	file
Gramm	person	senators	file
DeConcini	person	senators	file
Rockefeller	person	senators	file
Johnston	person	senators	file
Dodd	person	senators	file
McCarthyite	person	shadwcia	file
Reagan	person	shadwcia	file
Clinton	person	shadwcia	file
Beach	person	shoah001	file
McCarthy	person	shoah002	file
Kirschbaum	person	shoah002	file
Clinton	person	skolnick9503	file
Rockefellers	person	skolnick9503	file
Northern	person	ssan	file
Tesla	person	ssew	file
Maxwell	person	ssew	file
Zapruder	person	taking	file
McGovern	person	taking	file
Northrup	person	taking	file
RFK	person	taking	file
Reagan	person	taking	file
Rockefeller	person	taking	file
MLK	person	taking	file
McCarthy	person	taking	file
Eduardo	person	taking	file
McDonald	person	taking	file
Owens	person	taking	file
Reynolds	person	taking	file
Dodd	person	taking	file
Maxwell	person	taking	file
Tesla	person	tesla	file
Tesla	person	tesla0	file
Marconi	person	tesla0	file
Tesla	person	tesla1	file
Tesla	person	tesla2	file
Grammachikoff	person	tesla2	file
Rosenholtz	person	tesla2	file
Marconi	person	tesla2	file
Tesla	person	teslaved	file
Ramakrishna	person	teslaved	file
Maxwell	person	teslaved	file
Tesla	person	tesquote	file
Reynolds	person	testing	file
Johnston	person	testing	file
Koresh	person	theory	file
Tesla	person	theory1	file
LaRouche	person	totalism	file
EBE	person	uni-cons	file
KRLL	person	uni-cons	file
Crill	person	uni-cons	file
DOOLITTLE	person	uni-cons	file
Koresh	person	waco1	file
Zapruder	person	waco1	file
Beach	person	waves	file
McDonald	person	waves	file
Reagan	person	waves	file
Bowart	person	waves	file
Tesla	person	waves	file
Northern	person	weaver	file
Northrop	person	web	file
Reagan	person	web	file
Northern	person	web	file
EBES	person	web	file
EBEs	person	web	file
McCarthy	person	wtcbomb1	file
Reagan	person	wtcbomb4	file
Koresh	person	zionism	file